database,year,numer,denom,prev
Medicare,2006,4805,19395780,0.0002477343
Medicare,2007,7253,19778100,0.0003667187
Medicare,2008,9260,19767460,0.0004684466
Medicare,2009,10796,19742060,0.0005468528
Medicare,2010,12751,20104940,0.0006342222
Medicare,2011,15003,20818580,0.0007206543
Medicare,2012,18474,21762000,0.0008489109
Medicare,2013,23896,24424380,0.0009783667
Medicare,2014,27016,25168460,0.001073407
