database,_LINK_,_TYPE_,_STATUS_,_NAME_,Intercept,catAge60N69,SEXF,indAortInsuffRegurg,indVertFrac,indCrohnsDis,indHematCa,indHospInf,indIgANeph,indNonVertOsFrac,indOppInf,indPsoriasis,indPSA,indRestrictLungDis,indSolidCa,indUlcerColitis,indUveitis,indDiabetes,indHT,indMetabSyn,indNAFattyLiverDis,indCOPDEmphysema,meanPredEqDoseCatHigh__10__mg_d_,meanPredEqDoseCatLow___2_5_mg_d_,meanPredEqDoseCatMedium_High__5_,meanPredEqDoseCatMedium_Low__2_5,quartileCharlson3,indInflamMarker,indRxNSAID,indRxHtn,indRxNarcotics,indRxFungus,indRxOP_bisphosp,indRxThiazide,indRxAnticoagulant,indRxAntibiotics,countIPAdmits12mPrior,indERVisit12mPrior,countAVRheum12mPrior,indRxBiologics,indOutpatientInfection,_LNLIKE_,_ESTTYPE_
MPCD,LOGIT,PARMS,0 Converged,exposure2,-3.57359164,1.0774799002,-0.631038698,1.3399934929,2.3104965386,1.5658914861,-0.811588638,1.2663185444,-0.312168428,-0.053515458,0.3952402424,0.4163448519,0.4514463551,0.5460844945,-0.046920472,1.0715666264,0.3415847733,-0.094679729,0.0249907198,-0.380991999,0.4892442637,-0.376739058,-1.340702814,0.4361254867,1.043188254,0.9085151419,0.8712279297,0,-0.677084726,-0.042593726,0.219455453,0.051298118,0.307785418,0.1525804902,0.4627458319,-0.266242484,-0.237961321,-0.434658058,0.258643455,1.6265880594,-0.03536925,-1562.957073,MLE
Marketscan,LOGIT,PARMS,0 Converged,exposure2,-2.151428243,0.6225635556,-0.379120179,0.6494022357,-0.302046614,0.4442047586,-1.550185619,-0.146174665,1.9838425596,-0.484944719,0.0819633486,-0.034900018,0.6593628913,-0.22212216,-0.872995459,0.5022166506,0.2356337564,-0.145458705,-0.058428441,-0.305401506,0.2698787347,-0.259978546,1.4658282657,0.4258372043,1.0747418548,0.9887433982,0.1952008445,-0.061359523,-0.536359882,0.2355183266,0.1589644402,0.1487668119,-0.3137666,0.0783637178,0.2686710343,-0.047138668,-0.112176854,-0.129631765,0.0222437764,1.7000165376,-0.044527848,-7456.685651,MLE
Medicare,LOGIT,PARMS,1 Warning,exposure2,-20.81276707,0.7080536996,-0.791366168,0.0851310163,-0.384036266,1.640883486,-1.845889394,-0.400702534,0.4472785211,0.2143459729,0.8015967954,-0.094942632,1.4134871967,0.1330394087,-0.059549069,0.6731441955,0.8563747651,-0.0987314,-0.078662823,-0.1102132,0.3462134039,-0.204840305,1.3974984595,0.5675759847,1.0049984562,1.0653141759,1.5044382309,-17.60614352,17.797606388,0.5177321641,-0.31725659,-0.296452035,0.1645173203,-0.261274213,0.3359104087,-0.675827545,-0.089158145,-0.158125827,0.1106180535,1.9561702779,0.3045384553,-2607.947308,MLE
