_LINK_,_TYPE_,_STATUS_,_NAME_,Intercept_DMARD,databaseMPCD_DMARD,databaseMarketscan_DMARD,age_DMARD,SEXF_DMARD,indAmyloidosis_DMARD,indAortInsuffRegurg_DMARD,indApicalPulmFib_DMARD,indCaudaEquina_DMARD,indVertFrac_DMARD,indConductBlock_DMARD,indCrohnsDis_DMARD,indHematCa_DMARD,indHospInf_DMARD,indIgANeph_DMARD,indInterstLungDis_DMARD,indMI_DMARD,indNephSyn_DMARD,indNMSC_DMARD,indNonVertOsFrac_DMARD,indOppInf_DMARD,indPsoriasis_DMARD,indPSA_DMARD,indRestrictLungDis_DMARD,indSolidCa_DMARD,indSpinalCordComp_DMARD,indUlcerColitis_DMARD,indUveitis_DMARD,indDiabetes_DMARD,indHT_DMARD,indMetabSyn_DMARD,indNAFattyLiverDis_DMARD,_LNLIKE_,_ESTTYPE_
GLOGIT,PARMS,0 Converged,exposure3,-1.522500405,-0.481481321,-0.58735849,0.0201574912,0.3698954797,-0.856606564,-0.223648349,9.3020726523,0.8795749093,-0.010157025,-0.106515368,0,1.0984858458,0.3674030507,-0.268275779,0.2824359106,-0.189952734,0.2435610995,-0.405331419,0.0282499393,-0.212220064,-0.170748584,-0.331480191,0.0485725443,0.2130009813,0.3416243748,-0.153388274,-0.175998631,0.0446300443,0.0402997877,-0.036450336,-0.236075985,-49072.83964,MLE
GLOGIT,PARMS,0 Converged,exposure4,-1.525370048,-0.472687614,-0.584824284,0.0202602108,0.3665957497,-0.862003674,-0.231412179,9.3955705971,0.8869018837,-0.020002897,-0.112112759,0,1.0553626227,0.349559219,-0.235484891,0.2746476333,-0.185577748,0.1959350969,-0.374763747,0.0222836865,-0.206448551,-0.171125459,-0.328620231,0.0570438361,0.2026304902,0.3651841568,-0.150849977,-0.165768944,0.0443349701,0.0387220302,-0.036840142,-0.234282214,-72915.78889,MLE
