database,_LINK_,_TYPE_,_STATUS_,_NAME_,Intercept,catAge60N69,SEXF,indAortInsuffRegurg,indVertFrac,indCrohnsDis,indHematCa,indHospInf,indIgANeph,indNonVertOsFrac,indOppInf,indPsoriasis,indPSA,indRestrictLungDis,indSolidCa,indUlcerColitis,indUveitis,indDiabetes,indHT,indMetabSyn,indNAFattyLiverDis,indCOPDEmphysema,meanPredEqDoseCatHigh__10__mg_d_,meanPredEqDoseCatLow___2_5_mg_d_,meanPredEqDoseCatMedium_High__5_,meanPredEqDoseCatMedium_Low__2_5,quartileCharlson3,indInflamMarker,indRxNSAID,indRxHtn,indRxNarcotics,indRxFungus,indRxOP_bisphosp,indRxThiazide,indRxAnticoagulant,indRxAntibiotics,countIPAdmits12mPrior,indERVisit12mPrior,countAVRheum12mPrior,indRxBiologics,indOutpatientInfection,_LNLIKE_,_ESTTYPE_
MPCD,LOGIT,PARMS,0 Converged,exposure2,-3.366609755,0.7637451226,-0.254193086,2.1913219086,1.8195779214,0.9987632579,-2.247139338,1.8834303811,-2.281412229,-0.892478264,-1.307919455,1.3612875195,0.7174781036,1.7386184512,0.5287296269,0.3953646426,0.3334013647,-0.067181016,0.1376948024,-0.845224819,0.450869551,-0.722099732,0.3812883526,0.6754465937,0.5775357025,0.7069542521,0.248283865,0,1.8554489862,-0.496553995,-0.16376047,-0.20797959,0.0418507513,0.4499183832,0.1124741226,-1.5260913,-0.654435761,-0.111114017,0.3571641511,1.51728679,-0.210184321,-838.9426887,MLE
Marketscan,LOGIT,PARMS,0 Converged,exposure2,-2.641224751,0.5673967011,-0.200529918,0.6800020862,-0.203341964,0.2752698381,-2.27120122,-0.510088148,12.510940312,-0.283540573,-0.028251647,-0.1209934,0.4641688969,-0.074014002,-0.839689951,0.4618014059,-0.097872605,-0.160525564,-0.03603063,-0.074747405,0.5357598185,-0.276353205,1.5657708905,0.3486094856,1.0816239398,0.7024519425,-0.397706684,12.433952401,0.6016706349,0.1291835582,0.2011445235,0.1211438628,-0.248198104,0.10299957,-0.117954827,1.1030899278,-0.146929212,-0.025642298,0.0312883272,1.4498314229,0.047665922,-4192.8468,MLE
Medicare,LOGIT,PARMS,0 Converged,exposure2,-2.736612396,0.4060910356,-0.115383942,-0.29194318,-0.506630143,0.6115365871,-2.248095206,-0.834834409,-12.37889968,-0.209199473,0.6047458551,-0.246347771,0.2396653458,-0.092535948,-0.10297087,0.322297107,0.4823195882,-0.06778608,0.0273406071,-0.201851933,0.4276306689,-0.084055938,0.2799406253,0.206151048,0.2620728819,0.6315211003,0.0375267473,0,0,-0.072439099,-0.066813079,0.1249935924,0.0574753073,0.0933295509,-0.051125544,0.0185049191,-0.051842839,-0.14924134,0.1661647886,0.9594561456,0.3482419042,-1846.875637,MLE
