database,_LINK_,_TYPE_,_STATUS_,_NAME_,Intercept,catAge60N69,SEXF,indAortInsuffRegurg,indVertFrac,indConductBlock,indCrohnsDis,indHematCa,indHospInf,indIgANeph,indMI,indNonVertOsFrac,indOppInf,indPsoriasis,indPSA,indRestrictLungDis,indSolidCa,indUlcerColitis,indUveitis,indDiabetes,indHT,indMetabSyn,indNAFattyLiverDis,indCOPDEmphysema,meanPredEqDoseCatHigh__10__mg_d_,meanPredEqDoseCatLow___2_5_mg_d_,meanPredEqDoseCatMedium_High__5_,meanPredEqDoseCatMedium_Low__2_5,quartileCharlson3,indRxHtn,indRxNarcotics,indRxFungus,indRxOP_bisphosp,indRxThiazide,indRxAnticoagulant,indRxAntibiotics,countIPAdmits12mPrior,indERVisit12mPrior,countAVRheum12mPrior,indRxBiologics,indOutpatientInfection,_LNLIKE_,_ESTTYPE_
MPCD,LOGIT,PARMS,0 Converged,exposure2,-3.745912275,1.2932657825,-0.515428209,2.0324357936,0.9491520933,-0.352836614,0.8188957243,-6.272811148,2.4131506854,0.4174388714,1.3816525284,-0.00413504,-0.369580023,0.5998301772,0.3323582843,-0.185200978,0.2307517934,0.7093734113,0.5168381094,-0.28063641,-0.014176802,-0.980311826,0.4542865372,-0.49636308,-0.031890753,0.3999922545,0.7223848284,0.8507075189,1.5596727346,0.1085032054,0.3496600723,-0.770350233,0.2826240957,-0.203688466,0.0779513703,0.2865670257,-0.754526974,-0.36970901,0.1149392426,0.8986398869,0.2157051389,-1373.204052,MLE
Marketscan,LOGIT,PARMS,0 Converged,exposure2,-2.403624336,0.7453823908,-0.224734204,0.4682913101,0.1459297694,0.2675888928,0.2222842229,-0.982867181,-0.074765872,1.2157525034,0.2195222217,-0.216517297,0.3129392944,0.1765106202,0.6575140998,-0.154521699,-0.562444091,0.2743796941,0.3361702979,-0.173227238,-0.074569703,-0.248295588,0.1230999456,-0.280926082,1.2439146601,0.4701293799,0.8788610635,0.8105864336,0.1205362585,0.1803961466,0.1424650523,0.0866979051,-0.087048401,-0.021242945,0.0295592753,0.1042198332,-0.080191158,-0.109736675,0.0221162849,1.1356109028,0.0127622176,-7096.598146,MLE
Medicare,LOGIT,PARMS,0 Converged,exposure2,-3.878415625,0.5913220051,-0.597245746,0.220099447,-0.338308357,0.1779781324,0.9433631626,-2.279388709,-0.398791441,0.6401416943,0.0883117653,0.0306297394,0.6661427678,0.01800766,0.9393225599,0.2316041029,-0.126617548,0.4583727817,0.7383927515,0.05873514,-0.470041047,-0.756787977,0.1965263687,-0.118570958,0.819566684,0.2691454352,0.8610450359,0.7256002068,0.6741461672,0.2608237098,-0.014550425,-0.478440499,0.3919993493,-0.059699311,-0.160491507,-0.249834228,-0.071028103,-0.121890232,0.0658947092,1.5001365371,0.3260672375,-2362.054536,MLE
